INSERT INTO rarities VALUES('Common');
INSERT INTO rarities VALUES('Uncommon');
INSERT INTO rarities VALUES('Rare');
INSERT INTO rarities VALUES('Epic');
INSERT INTO rarities VALUES('Legendary');



INSERT INTO essence VALUES('Earth');
INSERT INTO essence VALUES('Wind');
INSERT INTO essence VALUES('Water');



INSERT INTO dragon_sets VALUES('Woodland');
INSERT INTO dragon_sets VALUES('Forest Lake');
INSERT INTO dragon_sets VALUES('Meadow');
INSERT INTO dragon_sets VALUES('Companionship');
INSERT INTO dragon_sets VALUES('Alpine');
INSERT INTO dragon_sets VALUES('Cave');
INSERT INTO dragon_sets VALUES('Zodiac');
INSERT INTO dragon_sets VALUES('Folklore');
INSERT INTO dragon_sets VALUES('Whiskers');
INSERT INTO dragon_sets VALUES('Tropical');
INSERT INTO dragon_sets VALUES('Mighty');
INSERT INTO dragon_sets VALUES('Extravagant');



INSERT INTO dragon_types VALUES('Reptilian');
INSERT INTO dragon_types VALUES('Avian');
INSERT INTO dragon_types VALUES('Mammalian');
INSERT INTO dragon_types VALUES('Floral');
INSERT INTO dragon_types VALUES('Insectile');
INSERT INTO dragon_types VALUES('Piscine');
INSERT INTO dragon_types VALUES('Fungi');
INSERT INTO dragon_types VALUES('Amphibian');
INSERT INTO dragon_types VALUES('Crustacean');
INSERT INTO dragon_types VALUES('Feline');
INSERT INTO dragon_types VALUES('Coral');
INSERT INTO dragon_types VALUES('Spirit');
INSERT INTO dragon_types VALUES('Arbor');
INSERT INTO dragon_types VALUES('Fructus');


INSERT INTO dragons VALUES('Common Rocktail', 'Woodland', 'Common', 'Earth', 'Reptilian');
INSERT INTO dragons VALUES('Woodpip', 'Woodland', 'Common', 'Wind', 'Avian');
INSERT INTO dragons VALUES('Softfoot', 'Woodland', 'Uncommon', 'Earth', 'Mammalian');
INSERT INTO dragons VALUES('Blush Pinewing', 'Woodland', 'Uncommon', 'Wind', 'Avian');

INSERT INTO dragons VALUES('Sunbloom', 'Forest Lake', 'Common', 'Earth', 'Floral');
INSERT INTO dragons VALUES('Barred Hoverdart', 'Forest Lake', 'Common', 'Wind', 'Insectile');
INSERT INTO dragons VALUES('Reed Firefin', 'Forest Lake', 'Uncommon', 'Water', 'Piscine');
INSERT INTO dragons VALUES('Lakecutter', 'Forest Lake', 'Rare', 'Water', 'Avian');

INSERT INTO dragons VALUES('Sooty Fieldpacer', 'Meadow', 'Common', 'Earth', 'Mammalian');
INSERT INTO dragons VALUES('Hook-tailed Bluebud', 'Meadow', 'Uncommon', 'Earth', 'Floral');
INSERT INTO dragons VALUES('Great Fieldhoof', 'Meadow', 'Rare', 'Earth', 'Mammalian');

INSERT INTO dragons VALUES('Scruffhorn', 'Alpine', 'Common', 'Earth', 'Mammalian');
INSERT INTO dragons VALUES('Regal Preywing', 'Alpine', 'Common', 'Wind', 'Avian');
INSERT INTO dragons VALUES('Spotty Plumpcap', 'Alpine', 'Uncommon', 'Earth', 'Fungi');
INSERT INTO dragons VALUES('Alp Angel', 'Alpine', 'Rare', 'Earth', 'Mammalian');
INSERT INTO dragons VALUES('Shimmerfin', 'Alpine', 'Epic', 'Water', 'Amphibian');
INSERT INTO dragons VALUES('Sapphire Flutterwing', 'Alpine', 'Legendary', 'Wind', 'Insectile');

INSERT INTO dragons VALUES('Nighttooth', 'Cave', 'Common', 'Wind', 'Mammalian');
INSERT INTO dragons VALUES('Cavedrummer', 'Cave', 'Uncommon', 'Water', 'Piscine');
INSERT INTO dragons VALUES('Pearl Armorback', 'Cave', 'Uncommon', 'Earth', 'Crustacean');
INSERT INTO dragons VALUES('Dazzlecap', 'Cave', 'Rare', 'Earth', 'Fungi');
INSERT INTO dragons VALUES('Watersnare', 'Cave', 'Epic', 'Water', 'Amphibian');

INSERT INTO dragons VALUES('Inkwhisker', 'Whiskers', 'Uncommon', 'Earth', 'Feline');
INSERT INTO dragons VALUES('Emberwhisker', 'Whiskers', 'Rare', 'Earth', 'Feline');
INSERT INTO dragons VALUES('Mottlewhisker', 'Whiskers', 'Epic', 'Earth', 'Feline');

INSERT INTO dragons VALUES('Duskytuft', 'Tropical', 'Common', 'Earth', 'Mammalian');
INSERT INTO dragons VALUES('Twin-toed Flameskin', 'Tropical', 'Uncommon', 'Water', 'Amphibian');
INSERT INTO dragons VALUES('Sunsquawk', 'Tropical', 'Uncommon', 'Wind', 'Avian');
INSERT INTO dragons VALUES('Mosaic Hornbrow', 'Tropical', 'Rare', 'Earth', 'Reptilian');
INSERT INTO dragons VALUES('Giant Branchback', 'Tropical', 'Epic', 'Water', 'Coral');

INSERT INTO dragons VALUES('Spiritpaw', 'Mighty', 'Common', 'Earth', 'Spirit');
INSERT INTO dragons VALUES('Sjoodjur', 'Mighty', 'Uncommon', 'Water', 'Piscine');
INSERT INTO dragons VALUES('Dire Ghostwing', 'Mighty', 'Rare', 'Wind', 'Avian');
INSERT INTO dragons VALUES('Irongrip Shieldwing', 'Mighty', 'Epic', 'Earth', 'Insectile');
INSERT INTO dragons VALUES('Ancient Gnarlroot', 'Mighty', 'Legendary', 'Earth', 'Arbor');

INSERT INTO dragons VALUES('Hissblossom', 'Extravagant', 'Uncommon', 'Earth', 'Reptilian');
INSERT INTO dragons VALUES('Emerald Lovetail', 'Extravagant', 'Rare', 'Wind', 'Avian');
INSERT INTO dragons VALUES('Striped Flowfin', 'Extravagant', 'Epic', 'Water', 'Piscine');
INSERT INTO dragons VALUES('Flairwhirl', 'Extravagant', 'Legendary', 'Earth', 'Fructus');
